{"masterVolume":67.05539136169254,"scale":1.0,"musicVolume":67.15257772551332,"sfxVolume":67.15256938433858}